lang,dataset,user_type,original_id,gender,segment,tgt,raw_word_count,time_to_edit,suggestion,secs_per_word,parsed_time_to_edit,last_translation,HTER,profession,stereotype,profession_index,translated_text,take
it,mtgen_un,professional,237,F,"As well as a singer, Dixon has forayed into television presenting, created three documentaries, and has established herself as a businesswoman through various endorsement deals and lucrative contracts.","Oltre al canto, Dixon ha avuto anche esperienze di conduzione televisiva, ha realizzato tre documentari, e come imprenditrice ha stretto diversi contratti pubblicitari e accordi molto redditizi.",28,0,"Oltre ad essere una cantante, Dixon ha fatto incursioni nella presentazione televisiva, ha creato tre documentari e si è affermata come donna d'affari attraverso vari accordi di sponsorizzazione e contratti redditizi.",0,0:00:00,"Oltre ad essere una cantante, Dixon ha fatto incursioni nella presentazione televisiva, ha creato tre documentari e si è affermata come donna d'affari attraverso vari accordi di sponsorizzazione e contratti redditizi.",0,singer,-1,4,"בנוסף לזמרת, דיקסון נכנס להצגת טלוויזיה, יצר שלושה סרטים דוקומנטריים, וביסס את עצמה כאישת עסקים באמצעות עסקאות תמיכה שונות וחוזים רווחיים.",5
it,mtgen_un,professional,121,F,"If a person cannot tolerate one teasing column, how can she hope to be mayor of a great city?","Se si inalbera per un articoletto provocatorio, come può sperare di diventare sindaca di una grande città?",19,92314,"Se una persona non può tollerare una rubrica provocatoria, come può sperare di diventare sindaco di una grande città?",4.9,0:01:32,"Se una persona non può tollerare una rubrica provocatoria, come può sperare di diventare sindaca di una grande città?",4.761904762,person,1,2,"אם אדם לא יכול לסבול טור אחד של הקנטות, איך היא יכולה לקוות להיות ראש עיר גדולה?",
it,mtgen_un,professional,250,F,"She also serves as mayor, city manager, and police commissioner of the Metlakatla Indian Community.","Lavora come sindaca, segretaria comunale e commissaria di polizia della Metlakatla Indian Community.",15,12973,"È anche sindaco, amministratore della città e commissario di polizia della comunità indiana di Metlakatla.",0.9,0:00:13,"È anche sindaca, amministratrice della città e commissaria di polizia della comunità indiana di Metlakatla.",17.64705882,manager,-1,6,"היא משמשת גם כראש העיר, כמנהלת העיר ומפכ""ל המשטרה של הקהילה ההודית של מטלקטלה.",
it,mtgen_un,professional,100,F,"Cumbers eventually ceased her active involvement, but not before answering an advert she had seen in The Suffragette for a photographer's apprentice.","Cumbers alla fine abbandonò l'attivismo, ma rispose a un annuncio che aveva visto su The Suffragette per un posto da apprendista fotografa.",22,85550,"Alla fine Cumbers cessò il suo coinvolgimento attivo, ma non prima di aver risposto a un annuncio che aveva visto su The Suffragette per un apprendista fotografo.",3.9,0:01:26,"Alla fine Cumbers cessò il suo coinvolgimento attivo, ma non prima di aver risposto a un annuncio che aveva visto su The Suffragette di un fotografo, che cercava un'apprendista.",20.68965517,photographer,-1,20,"קמבר הפסיקה בסופו של דבר את מעורבותה הפעילה, אך לא לפני שענתה למודעה שהיא ראתה ב""סופרג'יסטית"" לשוליה של צלמת.",
it,mtgen_un,professional,61,F,"The Confucian concept of moral transformation, a process where a small person can transcend herself into a lady and to a sage, rests on the principle that we are able to know our motives and will that allow for such transformation.","Il concetto confuciano di trasformazione morale, un processo in cui una piccola persona può trascendere sé stessa in una signora e in una saggia, si basa sul principio che siamo in grado di conoscere le nostre motivazioni e volontà che ci permettono una tale trasformazione.",41,59723,"Il concetto confuciano di trasformazione morale, un processo in cui una piccola persona può trascendere se stessa in una donna e in un saggio, si basa sul principio che siamo in grado di conoscere le nostre motivazioni e la volontà che consentono tale trasformazione.",1.5,0:01:00,"Il concetto confuciano di trasformazione morale, un processo in cui una persona piccola può trascendere se stessa in una donna e in un saggio, si basa sul principio che siamo in grado di conoscere le nostre motivazioni e la volontà che consentono tale trasformazione.",2.127659574,person,1,11,"הרעיון הקונפוציאני של טרנספורמציה מוסרית, תהליך שבו אדם קטן יכול להתעלות מעל עצמו לגברת ולמרווה, נשען על העיקרון שאנחנו יכולים לדעת את המניעים שלנו והאם זה יאפשר לשינוי כזה.",
it,mtgen_un,professional,127,F,"During 1874–1877, Gladstone held the Fullerian Professorship of Chemistry at the Royal Institution, and was first President of the Physical Society, of which she was one of the founders.","Tra il 1874 e il 1877, Gladstone occupò la cattedra di Chimica della Royal Institution e fu la prima presidentessa della Physical Society, di cui era una dei fondatori.",30,29191,"Durante il periodo 1874-1877, Gladstone tenne la cattedra fulleriana di chimica presso la Royal Institution e fu il primo presidente della Physical Society, di cui fu una dei fondatori.",1,0:00:29,"Durante il periodo 1874-1877, Gladstone tenne la cattedra fulleriana di chimica presso la Royal Institution e fu la prima presidente della Physical Society, di cui fu una dei fondatori.",5.882352941,president,-1,16,"במהלך 1874, 1877, גלדסטון הייתה פרופסורית לכימיה פולרית במכון המלכותי, והייתה הנשיאה הראשונה של החברה הפיזיקלית, ממנה היא הייתה אחת המייסדים.",
it,mtgen_un,professional,30,F,"The third child is a girl whose parents make her come directly home after school; during services at their church, they shake and lurch across the floor.","La terza figlia è una femmina, e i genitori la fanno tornare direttamente a casa dopo scuola; durante le messe nella loro chiesa, si muovono e barcollano in giro.",27,0,"La terza figlia è una bambina i cui genitori la fanno tornare direttamente a casa dopo la scuola; durante le funzioni nella loro chiesa, tremano e barcollano sul pavimento.",0,0:00:00,"La terza figlia è una bambina i cui genitori la fanno tornare direttamente a casa dopo la scuola; durante le funzioni nella loro chiesa, tremano e barcollano sul pavimento.",0,child,-1,2,"הילד השלישי הוא ילדה שההורים שלה מכריחים אותה לבוא ישר הביתה אחרי בית הספר, בזמן הטקסים בכנסייה שלהם, הם רועדים ומתנדנדים על הרצפה.",
it,mtgen_un,professional,131,F,"She returned home and helped her parents manage a hotel and taught in two mountain schools before accepting a position to be director of music at a Methodist school for girls in Huzhou (now Wuxing, Zhejiang), China.","Tornò a casa, aiutò i suoi genitori a gestire un hotel e insegnò in due scuole di montagna prima di accettare la posizione di direttrice musicale alla scuola Metodista per ragazze di Huzhou (ora Wuxing, Zhejiang), in Cina.",37,0,"Tornò a casa e aiutò i suoi genitori a gestire un albergo e insegnò in due scuole di montagna prima di accettare un posto come direttrice musicale presso una scuola metodista femminile a Huzhou (ora Wuxing, Zhejiang), in Cina.",0,0:00:00,"Tornò a casa e aiutò i suoi genitori a gestire un albergo e insegnò in due scuole di montagna prima di accettare un posto come direttrice musicale presso una scuola metodista femminile a Huzhou (ora Wuxing, Zhejiang), in Cina.",0,director,-1,22,"היא חזרה הביתה ועזרה להוריה לנהל מלון ולימדה בשני בתי ספר להרריים לפני שקיבלה תפקיד כמנהלת מוזיקלי בבית ספר מתודיסטי לבנות בהוז'ו (כיום ווקסינג, ז'יג'יאנג), סין.",
it,mtgen_un,professional,156,F,"In Chapter XIII, she describes the caste system of the hotel—manager-cooks-waiters-plongeurs—and, in Chapter XIV, its frantic and seemingly chaotic workings.","Nel capitolo XIII, lei descrive il sistema di caste dell'hotel-gestore-cuochi-camerieri-plongeur e, nel capitolo XIV, il suo funzionamento frenetico e apparentemente caotico.",22,103729,"Nel capitolo XIII descrive il sistema delle caste dell'hotel - manager-cuochi-camerieri-plongeurs - e, nel capitolo XIV, il suo funzionamento frenetico e apparentemente caotico.",4.7,0:01:44,"Nel capitolo XIII descrive il sistema delle caste dell'hotel - manager-cuoche-cameriere-plongeurs - e, nel capitolo XIV, il suo funzionamento frenetico e apparentemente caotico.",3.846153846,manager,-1,11,"בפרק XIII, היא מתארת את מערכת הקסטה של המלון-Manager-Cooks-cooks-plongeurs, ו, בפרק XIV, שלה מטורף וכאוטי לכאורה פועל.",
it,mtgen_un,professional,133,F,In 1921 she was appointed professor in charge of the newly created Department of Anthropology at the University of Calcutta but she retired in 1926 due to ill health and loss of vision.,Nel 1921 fu nominata professoressa in carica del nuovo dipartimento di antropologia dell'Univerity of Calcutta ma si licenziò nel 1926 a causa di problemi di salute e mancanza di visione.,33,0,"Nel 1921 fu nominata professoressa responsabile del neonato Dipartimento di Antropologia dell'Università di Calcutta, ma si ritirò nel 1926 a causa di problemi di salute e perdita della vista.",0,0:00:00,"Nel 1921 fu nominata professoressa responsabile del neonato Dipartimento di Antropologia dell'Università di Calcutta, ma si ritirò nel 1926 a causa di problemi di salute e perdita della vista.",0,professor,-1,5,"בשנת 1921 התמנתה לפרופסורית האחראית על המחלקה החדשה לאנתרופולוגיה באוניברסיטת כלכותה, אך פרשה בשנת 1926 בשל בריאות לקויה ואובדן ראייה.",
it,mtgen_un,professional,185,F,"In July 2009 Bond made an appearance on the Logo TV comedy series Jeffery &amp; Cole Casserole, playing a Catholic nun who serves as the principal of the show's all-girl Catholic school.","Nel luglio del 2009 Bond fece un'apparizione nella serie comedy Logo TV dal titolo Jeffery & Cole Casserole, interpretando una suora cattolica che nello show gestisce, come preside, una scuola cattolica femminile.",31,40630,"Nel luglio 2009 Bond è apparso nella serie comica di Logo TV Jeffery &amp; Cole Casserole , interpretando una suora cattolica che funge da preside della scuola cattolica femminile dello show.",1.3,0:00:41,"Nel luglio 2009 Bond è apparsa nella serie comica di Logo TV Jeffery &amp; Cole Casserole, interpretando una suora cattolica che svolge il ruolo di preside della scuola cattolica femminile dello show.",15.625,principal,-1,25,"ביולי 2009 הופיע בונד בסדרת הקומדיה ""Logo TV"" ג'פרי וקול קסרול, בתפקיד נזירה קתולית אשר שימשה כמנהלת בית הספר הקתולי של הסדרה.",
it,mtgen_un,professional,147,F,The seventh Countess was a politician and served as Lady Chamberlain of the Household for many years.,La settima contessa era una politica e servì come ciambellana della famiglia reale per molti anni.,17,245910,La settima contessa era una politica e prestò servizio come Lady Chamberlain della casa per molti anni.,14.5,0:04:06,La settima contessa era una politica e prestò servizio come Lady Chamberlain of the Household per molti anni.,16.66666667,politician,-1,5,הרוזנת השביעית הייתה פוליטיקאית ומשרתת כליידי צ'מברליין של Household במשך שנים רבות.,
it,mtgen_un,professional,77,F,"The President's Daughters (1834) is considered to represent Bremer's increased maturity, using a well-observed portrayal of childhood for its humor while soberly illustrating a reserved young woman's blossoming into a more open and friendly way of life.","Si ritiene che The President's Daughters (1834) rappresenti l'accresciuta maturità della Bremer, che si serve di un ritratto curato dell'infanzia per il suo umorismo illustrando al contempo, in modo alquanto sobrio, il fiorire di una giovane riservata in una donna più aperta e amichevole.",37,151216,"Si ritiene che Le figlie del presidente (1834) rappresenti la maggiore maturità di Bremer, utilizzando un ritratto ben osservato dell'infanzia per il suo umorismo mentre illustra in modo sobrio lo sbocciare di una giovane donna riservata in uno stile di vita più aperto e amichevole.",4.1,0:02:31,"Si ritiene che Le figlie del presidente (1834) rappresenti la maggiore maturità di Bremer, utilizzando un ritratto ben preciso dell'infanzia grazie al suo umorismo e illustrando in modo sobrio lo sbocciare di una giovane donna riservata verso uno stile di vita più aperto e amichevole.",12.24489796,president,-1,1,"בנות הנשיא (1834) נחשבות לייצג את בגרותו הגוברת של ברמר, תוך שימוש בתיאור ברור של ילדות להומור שלה בזמן שהן מתארות בצורה מפוכחת את פריחתה של אישה צעירה שמורה לדרך חיים פתוחה וידידותית יותר.",
it,mtgen_un,professional,142,F,"In 1739, she became a member of the French Academy of Sciences as a supernumerary adjunct astronomer, in 1741 as an adjunct astronomer, and in 1745 as a full member astronomer.","Nel 1739 entrò nell'Accademia Francese delle Scienze come astronoma aggiunta in sovrannumero, nel 1741 divenne astronoma aggiunta, e nel 1745 membro a pieno titolo.",31,72069,"Nel 1739 divenne membro dell'Accademia francese delle scienze come astronomo aggiunto soprannumerario, nel 1741 come astronomo aggiunto e nel 1745 come astronomo membro a pieno titolo.",2.3,0:01:13,"Nel 1739 divenne membro dell'Accademia francese delle scienze come astronoma aggiunta soprannumeraria, nel 1741 come astronoma aggiunta e nel 1745 come astronoma membro a pieno titolo.",21.42857143,astronomer,-1,16,"בשנת 1739 היא הפכה להיות חברה באקדמיה הצרפתית למדעים כאסטרונום סופר-ספרתי, בשנת 1741 כאסטרונום, ובשנת 1745 כאסטרונום.",1
it,mtgen_un,professional,132,F,"Herman then moved to Austin, TX in 1989 where she started a private practice in child &amp; adolescent psychiatry and was recruited to be Medical Director of Charter Hospital of Austin, She subsequently served in leadership positions at a number of free-standing psychiatric hospitals in the area.","Herman quindi si è trasferita ad Austin, in Texas nel 1989 dove ha cominciato privatamente a lavorare come psichiatra per bambini ed adolescenti e fu assunta come direttrice sanitaria del Charter Hospital di Austin, e successivamente ha ricoperto posizioni dirigenziali in diversi ospedali psichiatrci indipendenti in zona.",46,50463,"Herman si è poi trasferita ad Austin, in Texas, nel 1989, dove ha avviato uno studio privato di psichiatria infantile e adolescenziale ed è stata reclutata come direttore medico del Charter Hospital di Austin. Successivamente ha ricoperto posizioni di leadership in numerosi ospedali psichiatrici indipendenti negli Stati Uniti. la zona.",1.1,0:00:50,"Herman si è poi trasferita ad Austin, in Texas, nel 1989, dove ha avviato uno studio privato di psichiatria infantile e adolescenziale ed è stata assunta come direttore medico del Charter Hospital di Austin. Successivamente, ha ricoperto posizioni di rilievo in numerosi ospedali psichiatrici indipendenti della zona.",14.28571429,director,-1,25,"הרמן עברה לאוסטין, טי-אקס ב-1989, שם החלה במרפאה פרטית בפסיכיאטריה של ילדים ובני נוער וגויסה להיות מנהלת בית החולים לרפואה של אוסטין, ולאחר מכן שירתה במספר בתי חולים פסיכיאטריים חופשיים באזור.",
it,mtgen_un,professional,93,F,"Her mother was a decorated soldier (she won the Military Cross), who later became a solicitor and circuit judge.","Sua madre era una soldata decorata con la Croce Militare, che in seguito divenne un'avvocata e giudice circoscrizionale.",19,18625,"Sua madre era un soldato decorato (vinse la Croce Militare), che in seguito divenne avvocato e giudice di circoscrizione.",1,0:00:19,"Sua madre era un soldato decorato (vinse la Croce Militare), che in seguito divenne avvocatessa e giudice di circoscrizione.",4.347826087,judge,-1,18,"אמה הייתה חיילת מעוטרת (היא זכתה בצלב הצבאי), שמאוחר יותר הפכה לעורך דין ושופטת נפה.",1
it,mtgen_un,professional,81,F,"McAbee's mother, in turn, was an auto mechanic and cowgirl from Booneville, California.","A sua volta, la madre di McAbee era una meccanica di auto e cowgirl di Booneville, California.",13,25036,"La madre di McAbee, a sua volta, era un meccanico e cowgirl di Booneville, in California.",1.9,0:00:25,"La madre di McAbee, a sua volta, era una meccanica e cowgirl di Booneville, in California.",10,mechanic,-1,7,"אמו של מקבי, בתורה, הייתה מכונאית רכב ובוקרת מבונוויל, קליפורניה.",
it,mtgen_un,professional,68,F,"She became chairwoman and chief spokeswoman for Greenpeace in 1979, retiring in 1991 to live on an olive farm in Paciano, Umbria, Italy.","Lei divenne presidentessa e portavoce di Greenpeace nel 1979, andò in pensione nel 1991 e visse in una fattoria di olivi a Paciano, Umbria in Italia.",23,25395,"Divenne presidente e portavoce principale di Greenpeace nel 1979, ritirandosi nel 1991 per vivere in una fattoria olivicola a Paciano, Umbria, Italia.",1.1,0:00:25,"Divenne presidentessa e portavoce principale di Greenpeace nel 1979, ritirandosi nel 1991 per vivere in una fattoria olivicola a Paciano, Umbria, Italia.",3.846153846,chief,-1,4,"בשנת 1979 היא הפכה ליו""ר והדוברת הראשית של גרינפיס, פרשה בשנת 1991 כדי לגור בחוות זיתים בפקיאנו, אומבריה, איטליה.",
it,mtgen_un,professional,45,F,"Despite the fact that the story actually features only one female police officer, the film's title was pluralized and formed into one word because the title Police Woman was already in use by an NBC TV series whose pilot was scheduled to premiere one month after this film's release.","Sebbene la storia abbia come protagonista una sola poliziotta, il titolo del film è stato pluralizzato e trasformato in un'unica parola perché il titolo Police Woman era già utilizzato da una serie televisiva della NBC, il cui episodio pilota sarebbe stato trasmesso in anteprima un mese dopo l'uscita di questo film.",49,107907,"Nonostante il fatto che la storia in realtà presenti solo un'agente di polizia donna, il titolo del film è stato pluralizzato e formato in una sola parola perché il titolo Police Woman era già utilizzato da una serie TV della NBC il cui pilot doveva essere presentato in anteprima un mese dopo l'uscita del film. .",2.2,0:01:48,"Nonostante il fatto che la storia in realtà presenti solo una poliziotta, il titolo del film è stato pluralizzato e formato in una sola parola perché il titolo Poliziotta era già utilizzato da una serie TV della NBC il cui pilot doveva essere presentato in anteprima un mese dopo l'uscita del film. .",10.34482759,officer,-1,12,"למרות העובדה שהסיפור מכיל רק שוטרת אחת, התואר של הסרט פורסם ונוצר למילה אחת, כי השם ""שוטרת"" כבר היה בשימוש על ידי סדרת טלוויזיה של אן-בי-סי שהטייס שלה היה אמור להקרין מחדש חודש לאחר שחרור הסרט.",
it,mtgen_un,professional,113,F,"She gives us a senator who's a monomaniac, a mad mommy and master politician rolled into one, a woman firing on so many levels that no one can keep up – someone who loves being evil as much as Streep loves acting.","Interpreta una senatrice che è al contempo una monomaniaca, una madre fuori di testa e una politica sopraffina, una donna che è sul pezzo in così tanti ambiti che nessuno può stare al passo; qualcuno che ama essere cattivo tanto quanto Streep ama recitare.",41,155500,"Ci presenta una senatrice monomaniaca, una mamma pazza e un politico esperto riuniti in uno solo, una donna che spara a così tanti livelli che nessuno riesce a tenere il passo - qualcuno che ama essere malvagio tanto quanto Streep ama recitare.",3.8,0:02:36,"Ci presenta una senatrice monomaniaca, una mamma pazza e un politica esperta riunite in una sola persona, una donna che spara a così tanti livelli da impedire di tenerle il passo - una persona che ama essere malvagia tanto quanto Streep ama recitare.",31.11111111,politician,-1,13,"היא נותנת לנו סנטור שהוא מונומניאק, אמא מטורפת ופוליטיקאי מאסטר התגלגל לתוך אחד, אישה יורה על כל כך הרבה רמות שאף אחד לא יכול לשמור על קשר; מישהו שאוהב להיות רע ככל סטריפ אוהב משחק.",1
it,mtgen_un,professional,71,F,"She began as a mechanic, then became a driver, created her own team and then became chairwoman of Vaillante.","Ha iniziato come meccanica, poi è diventata pilota, ha creato la sua squadra e poi è diventata presidentessa della Vaillante.",19,15747,"Ha iniziato come meccanico, poi è diventata pilota, ha creato una propria scuderia e poi è diventata presidente della Vaillante.",0.8,0:00:16,"Ha iniziato come meccanica, poi è diventata pilota, ha creato una propria scuderia e poi è diventata presidente della Vaillante.",4.347826087,driver,-1,8,"היא החלה כמכונאית, ואז הפכה לנהגת, יצרה צוות משלה ואז הפכה ליושבת הראש של ויילנטה.",
it,mtgen_un,professional,241,F,Following her time in the Navy she resumed her education and began her career as a fine art photographer and educator.,Dopo il suo tempo in marina riprese la sua formazione e cominciò la sua carriera come fotografa ed educatrice di belle arti.,21,35868,"Dopo il periodo in Marina, ha ripreso gli studi e ha iniziato la sua carriera come fotografa ed educatrice d'arte.",1.7,0:00:36,"Dopo il periodo in Marina, ha ripreso gli studi e ha iniziato la sua carriera come fotografa di fine art ed educatrice.",18.18181818,photographer,-1,18,לאחר זמנה בחיל הים היא חידשה את לימודיה והחלה את הקריירה שלה כצלם אמנות ומחנך טוב.,1
it,mtgen_un,professional,36,F,"From 1984, she was a president of the board of Tipstjänst and Operakällaren; she was also chairwoman and president of AIK between 1967 and 1980.","Dal 1984, è stata presidentessa del consiglio di amministrazione di Tipstjänst e Operakällaren; è stata presidentessa dell'AIK tra il 1967 e il 1980.",25,49362,Dal 1984 è stata presidente del consiglio di amministrazione di Tipstjänst e Operakällaren; fu anche presidente e presidente dell'AIK dal 1967 al 1980.,2,0:00:49,Dal 1984 è stata presidente del consiglio di amministrazione di Tipstjänst e Operakällaren; fu anche direttrice e presidente dell'AIK dal 1967 al 1980.,4,president,-1,5,משנת 1984 היא הייתה נשיאת מועצת המנהלים של Tipstjänst ואופרהקלרן; היא הייתה גם יושבת הראש ונשיאת AIK בין השנים 1967 ו-1980.,
it,mtgen_un,professional,116,F,"The film begins with an honest IAS officer trying to unearth a massive criminal operation, where she ends up in a dead end when she meets the Home Minister's daughter and team who want her finished.","Il film comincia con un'onesta ufficiale IAS che scopre una gigante operazione criminale, dove si ritrova in un vicolo cieco quando incontra la figlia del ministro degli interni e il team che la vuole finita.",36,102296,"Il film inizia con un onesto ufficiale della IAS che cerca di portare alla luce una massiccia operazione criminale, ma finisce in un vicolo cieco quando incontra la figlia del ministro dell'Interno e la squadra che la vuole finita.",2.8,0:01:42,"Il film inizia con un'ufficiale della IAS che con onestà cerca di portare alla luce una massiccia operazione criminale, ma finisce in un vicolo cieco quando incontra la figlia della ministra dell'Interno e la squadra che la vuole morta.",19.51219512,officer,-1,7,"הסרט מתחיל עם קצין ISA כנה מנסה לחשוף פעולה פלילית מסיבית, שם היא בסופו של דבר במבוי סתום כשהיא פוגשת את בתו של שר הבית וצוות שרוצה אותה סיים.",1
it,mtgen_un,professional,91,F,"The magistrates and chief woman went first, followed by the elders and female members of the congregation.","I magistrati e la capa entrarono per primi, seguiti dagli anziani e dalle donne appartenenti alla congregazione.",17,144117,"Andarono per primi i magistrati e la donna capo, seguiti dagli anziani e dalle donne della congregazione.",8.5,0:02:24,"In primo luogo andarono la corte e la presidente, con le persone anziane e le donne dell'assemblea al seguito.",84.21052632,chief,-1,3,"השופטים והמנהלת הלכו ראשונים, ואחריהם זקני ־ הקהילה והנשים בקהילה.",
it,mtgen_un,professional,11,F,"She initially had no superpowers; instead, she was a diminutive college student and later a physicist who was depicted as a tough gal, a symbol of all the short kids who could still make a difference.","Lei, in un primo momento, non possedeva di certo superpoteri; prima era una semplice studentessa universitaria di bassa statura e poi una fisica che veniva rappresentata come una dura, un simbolo per tutte le ragazze di bassa statura che potevano comunque fare la differenza.",36,89321,"Inizialmente non aveva superpoteri; invece, era una piccola studentessa universitaria e in seguito una fisica dipinta come una ragazza tosta, un simbolo di tutti i ragazzini bassi che potevano ancora fare la differenza.",2.5,0:01:29,"Inizialmente non aveva superpoteri; invece, era una piccola studentessa universitaria e in seguito una fisica dipinta come una ragazza tosta, un simbolo di tutti i ragazzini bassi che potevano comunque fare la differenza.",2.702702703,student,1,11,"בתחילה לא היו לה כוחות-על; במקום זאת, היא הייתה סטודנטית קטנה, ומאוחר יותר פיזיקאית, אשר תוארה כבחורה קשוחה, סמל לכל הילדים הקצרים שעדיין יכלו לחולל שינוי.",
it,mtgen_un,professional,220,F,"Coaching and teacher At Sydney's Shore School Uebergang was a rowing mistress, and coached the 1985 Shore 1st VIII to victory in the schoolgirl eight title at that year's Australian Rowing Championships.","Coach e insegnante alla Shore School Uebergang di Sydney, era una maestra della remata, e allenò gli otto della prima vittoria degli Shore nel 1985 nell'ottavo titolo della studentessa negli Australian Rowing Championship di quell'anno.",32,98725,"Allenatore e insegnante Alla Shore School di Sydney, Uebergang era un'amante di canottaggio e nel 1985 ha allenato la Shore 1st VIII fino alla vittoria del titolo studentesco ottavo ai Campionati australiani di canottaggio di quell'anno.",3.1,0:01:39,"Allenatrice e insegnante alla Shore School di Sydney, Uebergang era un'amante del canottaggio e nel 1985 ha allenato la Shore 1st VIII fino alla vittoria dell'ottavo titolo studentesco femminile ai Campionati australiani di canottaggio di quell'anno.",13.15789474,teacher,1,2,"אוברגאנג (באנגלית: Oebergang), מורה ומאמן בבית הספר ליוברגנג (Sydney's Shore School Uebergang), הייתה פילגש וחתירה, ואימנה את החוף הראשון (1985).",5
it,mtgen_un,professional,14,F,"However, the pain of her parents' difficult domestic life and her relatively few childhood friends (Ruark, something of a child prodigy in school, was a loner) are tellingly absent from the narratives.","Tuttavia, è significativo che il dolore della difficile vita domestica dei suoi genitori e le pochissime amicizie coltivate negli anni dell'infanzia (Ruark, considerata una bambina prodigio a scuola, era molto solitaria) siano del tutto assenti dai racconti.",32,0,"Tuttavia, il dolore della difficile vita domestica dei suoi genitori e dei suoi relativamente pochi amici d'infanzia (Ruark, una specie di bambino prodigio a scuola, era un solitario) sono significativamente assenti dalle narrazioni.",0,0:00:00,"Tuttavia, il dolore della difficile vita domestica dei suoi genitori e dei suoi relativamente pochi amici d'infanzia (Ruark, una specie di bambino prodigio a scuola, era un solitario) sono significativamente assenti dalle narrazioni.",0,child,-1,19,"עם זאת, כאבם של חיי הבית הקשים של הוריה וחבריה הילדותיים (Ruark, משהו של ילד פלא בבית הספר, היה מתבודד) נעדר מן הנרטיבים.",
it,mtgen_un,professional,79,F,She founded and was Chief Medical Officer of a multi-disciplinary behavioral healthcare group with several locations in Austin.,Ha fondato ed è stata direttrice sanitaria di un gruppo sanitario comportamentale multidisciplinare con diverse sedi ad Austin.,18,12921,Ha fondato ed è stata Direttore medico di un gruppo di assistenza sanitaria comportamentale multidisciplinare con diverse sedi ad Austin.,0.7,0:00:13,Ha fondato ed è stata Direttrice medica di un gruppo di assistenza sanitaria comportamentale multidisciplinare con diverse sedi ad Austin.,9.523809524,officer,-1,6,היא ייסדה וייסדה קצין רפואה ראשי של קבוצת בריאות רב-תחומית עם מספר מקומות באוסטין.,5
it,mtgen_un,professional,18,F,"She chose to play the drums as she had two aunts who played the instrument, one of whom later worked as a drum technician on a CKY tour.","Lei ha scelto di suonare la batteria perché due sue zie suonavano questo strumento, una di loro ha lavorato anche come tecnica della batteria in un tour dei CKY.",28,11323,"Ha scelto di suonare la batteria perché aveva due zie che suonavano lo strumento, una delle quali in seguito ha lavorato come tecnico della batteria in un tour CKY.",0.4,0:00:11,"Ha scelto di suonare la batteria perché aveva due zie che suonavano lo strumento, una delle quali in seguito ha lavorato come tecnica della batteria in un tour CKY.",3.225806452,technician,-1,23,"היא בחרה לנגן בתופים בזמן שהיו לה שתי דודות שניגנו בכלי נגינה, אחת מהן עבדה מאוחר יותר כטכנאית תופים בסיור בקי.",
it,mtgen_un,professional,259,F,"Along the way there are humorous subplots involving the office manager's violent ex-wife, Becker's attempt to find the 'Australian sound', and an odd waitress who is under the mistaken belief that Becker is a secret agent.","Nel corso della storia ci sono sottotrame umoristiche che coinvolgono la violenta ex moglie del capoufficio, il tentativo di Becker di trovare il ""suono australiano"" e una strana cameriera erroneamente convinta che Becker sia un agente segreto.",36,0,"Lungo il percorso ci sono sottotrame umoristiche che coinvolgono la violenta ex moglie del direttore dell'ufficio, il tentativo di Becker di trovare il ""suono australiano"" e una strana cameriera che crede erroneamente che Becker sia un agente segreto.",0,0:00:00,"Lungo il percorso ci sono sottotrame umoristiche che coinvolgono la violenta ex moglie del direttore dell'ufficio, il tentativo di Becker di trovare il ""suono australiano"" e una strana cameriera che crede erroneamente che Becker sia un agente segreto.",0,agent,1,35,"לאורך הדרך יש תת-עלילות הומוריות שמעורבות בגרושתו האלימה של מנהל המשרד, הניסיון של בקר למצוא את ""הצליל האוסטרלי,"" ומלצרית מוזרה שנמצאת תחת האמונה המוטעית שקר הוא סוכן חשאי.",
it,mtgen_un,professional,234,F,"It is not clear if her refusal was for her continual poor health or other reasons, but her spiritual director assured her that God had other plans for her.","Non è chiaro se sia stata rifiutata per i continui problemi di salute o per altri motivi, ma la sua guida spiriturale le assicurò che Dio aveva altri piani per lei.",29,70155,"Non è chiaro se il suo rifiuto fosse dovuto ai continui problemi di salute o ad altri motivi, ma il suo direttore spirituale le assicurò che Dio aveva altri progetti per lei.",2.4,0:01:10,"Non è chiaro se il suo rifiuto fosse dovuto ai continui problemi di salute o ad altri motivi, ma il suo maestro spirituale le assicurò che Dio aveva altri progetti per lei.",2.941176471,director,-1,19,"אין זה ברור אם סירובה היה בשל בריאותה התמידית או מסיבות אחרות, אך המנהל הרוחני שלה הבטיח לה שלאלוהים יש תוכניות אחרות עבורה.",
it,mtgen_un,professional,120,F,"In July 2018, she was on a 4-man shortlist for the vacant Egyptian national team manager job.","Nel luglio 2018, lei era in un elenco ristretto di 4 donne per il posto vacante di manager della nazionale egiziana.",18,27110,"Nel luglio 2018, era nella rosa dei candidati per il posto vacante di allenatore della nazionale egiziana.",1.5,0:00:27,"Nel luglio 2018, era nella rosa dei 4 candidati per il posto vacante di allenatore della nazionale egiziana.",5.263157895,manager,-1,15,"ביולי 2018, היא הייתה ברשימת 4 אנשים קצרים לתפקיד מנהל הקבוצה המצרית הפנויה.",
it,mtgen_un,professional,171,F,"While supporting herself as a waitress, Vanderslice took classes at University of California, Berkeley, with the intention of becoming an English teacher.","Mentre lavorava come cameriera, Vanderslice prese lezioni all'Università della California, Berkeley, per diventare insegnante di inglese.",22,0,"Mentre si manteneva come cameriera, Vanderslice prese lezioni all'Università della California, Berkeley, con l'intenzione di diventare un'insegnante di inglese.",0,0:00:00,"Mentre si manteneva come cameriera, Vanderslice prese lezioni all'Università della California, Berkeley, con l'intenzione di diventare un'insegnante di inglese.",0,teacher,1,21,"בזמן שתפרנס את עצמה כמלצרית, ונדרסליס למדה באוניברסיטת קליפורניה בברקלי, במטרה להפוך למורה לאנגלית.",
it,mtgen_un,professional,47,F,"Gibson-Smith is also chairwoman of retirement specialist, Just Group plc.","Gibson-Smith è anche presidentessa dello specialista del pensionamento, Just Group plc.",10,46407,Gibson-Smith è anche presidente dello specialista in pensioni Just Group plc.,4.6,0:00:46,"Gibson-Smith è anche la presidente del Just Group plc, specializzato in pensioni.",41.66666667,specialist,1,6,"גיבסון סמית' היא גם יושבת הראש של מומחה לפרישה, ""Just Group plc.""",
it,mtgen_un,professional,134,F,She is currently a Professor of Clinical Radiology at UCSD and division chief of vascular and interventional radiology.,Attualmente è professoressa di radiologia clinica presso la UCSD ed è capo dipartimento di angiochirurgia vascolare e interventistica.,18,0,Attualmente è professoressa di radiologia clinica presso l'UCSD e capo divisione di radiologia vascolare e interventistica.,0,0:00:00,Attualmente è professoressa di radiologia clinica presso l'UCSD e capo divisione di radiologia vascolare e interventistica.,0,professor,-1,4,כיום היא פרופסור לרדיולוגיה קלינית באוניברסיטת קליפורניה ומנהלת מחלקת רדיולוגיה של כלי דם והתערבות.,
it,mtgen_un,professional,58,F,"She was originally a steamboat captain, with Mickey Mouse as her deck hand (as they were seen in Steamboat Willie), and later the captain of the Royal Musketeers until her plans for a coup were foiled by Mickey (as they were seen in The Three Musketeers).","Era originariamente la capitana di un battello a vapore con Topolino come mozzo (come si è visto nel cartone Willie del vaporetto), e più tardi la capitana dei Moschettieri fino a che i suoi piani per un colpo di stato sono stati ostacolati da Topolino (come si è visto nei Tre moschettieri).",46,101558,"In origine era il capitano di un battello a vapore, con Topolino come aiutante di coperta (come si vede in Steamboat Willie), e in seguito il capitano dei Moschettieri Reali finché i suoi piani per un colpo di stato non furono sventati da Topolino (come si vede in I Tre). Moschettieri).",2.2,0:01:42,"In origine era capitana di un battello a vapore, con Topolino come aiutante di coperta (come si vede in Steamboat Willie) e in seguito capitana dei Moschettieri Reali prima che i suoi piani per un colpo di stato non vennero sventati da Topolino (come si vede in I Tre Moschettieri).",16.66666667,captain,-1,5,"היא הייתה במקור קפטן ספינת קיטור, עם מיקי מאוס כיד הסיפון שלה (כפי שהם נראו בסירת קיטור וילי), ומאוחר יותר הקפטן של המוסקטרים המלכותיים עד תוכניותיה להפיכה סוכלו על ידי מיקי (כפי שהם נראו בשלושת המוסקטרים).",
it,mtgen_un,professional,62,F,"The home was supposed to be a refuge from the dangers of the outside world, but in the novel, the seemingly perfect domestic lady turns out to be a violent criminal who has not only tried to commit murder but who has also committed bigamy and abandoned her child.","La casa doveva rappresentare un rifugio dai pericoli del mondo esterno, ma nel romanzo, l'apparentemente perfetta donna di casa si rivela essere una violenta criminale che non ha solo cercato di commettere un omicidio, ma era anche bigama e aveva abbandonato suo figlio.",49,53266,"La casa avrebbe dovuto essere un rifugio dai pericoli del mondo esterno, ma nel romanzo, la domestica apparentemente perfetta si rivela essere una criminale violenta che non solo ha tentato di commettere un omicidio ma che ha anche commesso bigamia e l'ha abbandonata. bambino.",1.1,0:00:53,"La casa avrebbe dovuto essere un rifugio dai pericoli del mondo esterno, ma nel romanzo, la domestica apparentemente perfetta si rivela essere una criminale violenta che non solo ha tentato di commettere un omicidio ma che ha anche commesso bigamia e ha abbandonato il suo bambino.",8.333333333,child,-1,48,"הבית היה אמור להיות מפלט מסכנות העולם החיצון, אבל ברומן, מסתבר שהגברת הביתית המושלמת לכאורה היא פושעת אלימה שלא רק ניסתה לרצוח אלא גם ביצעה ביגמיה ונטשה את בנה.",
it,mtgen_un,professional,5,F,Later she became a sub-editor and Chief sub-editor in the BBC Radio Newsroom and then worked on the Radio 4 programme Today in Parliament.,Successivamente è diventata redattrice e caporedattrice della BBC Radio Newsroom e ha lavorato al programma di Radio 4 Today in Parliament.,24,94751,Successivamente è diventata subredattore e caporedattore della BBC Radio Newsroom e ha poi lavorato al programma di Radio 4 Today in Parliament.,3.9,0:01:35,Successivamente è diventata viceredattrice e viceredattrice capo della BBC Radio Newsroom e ha poi lavorato al programma di Radio 4 Today in Parliament.,13.04347826,editor,-1,5,מאוחר יותר היא הפכה למנהלת משנה ומנהלת משנה בחדר החדשות של הרדיו של ה-BBC ולאחר מכן עבדה בתוכנית הרדיו 4 היום בפרלמנט.,
it,mtgen_un,professional,109,F,She was an officer of the Dragoons.,Era un'ufficiale dei Dragoons.,7,28043,Era un ufficiale dei Dragoni.,4,0:00:28,Era una ufficiale dei Dragoni.,16.66666667,officer,-1,3,היא הייתה קצינה של הדראגונים.,
it,mtgen_un,professional,260,F,"In summer 2020, she became the head coach of the United Arab Emirates national team.","Nell'estate 2020, lei è diventata il capo allenatore della nazionale degli Emirati Arabi Uniti.",15,80578,Nell'estate 2020 è diventata l'allenatore capo della nazionale degli Emirati Arabi Uniti.,5.4,0:01:21,Nell'estate 2020 è diventata capo-allenatrice della nazionale degli Emirati Arabi Uniti.,15.38461538,coach,-1,7,בקיץ 2020 היא הפכה למאמן הראשי של נבחרת האמירויות הערבית המאוחדת.,1
it,mtgen_un,professional,141,F,"She was promoted to director of amateur scouting in August 2014, and was responsible for the scouting staff of Ottawa in preparation for each NHL Entry Draft.","Fu promossa a direttrice degli osservatori amatoriali nell'agosto 2014, e fu responsabile per lo staff di osservatori di Ottawa in preparazione ad ogni Draft iniziale NHL.",27,0,È stata promossa a direttore dello scouting amatoriale nell'agosto 2014 ed è stata responsabile dello staff di scouting di Ottawa in preparazione a ogni Entry Draft NHL.,0,0:00:00,È stata promossa a direttore dello scouting amatoriale nell'agosto 2014 ed è stata responsabile dello staff di scouting di Ottawa in preparazione a ogni Entry Draft NHL.,0,director,-1,4,"באוגוסט 2014 היא קודמה למנהלת הצופים החובבנים, והייתה אחראית על צוות הצופים של אוטווה כהכנה לכל טיוטה לכניסה ל-NHL.",
it,mtgen_un,professional,64,F,"Her election was a first in many ways: She became the first woman elected (rather than appointed) an AFL-CIO officer, the first person of color of either sex elected an AFL-CIO officer, and the first Hispanic elected an AFL-CIO officer.","La sua elezione ha segnato una prima volta sotto molti punti di vista: è diventata la prima donna eletta (anziché nominata) come funzionario AFL-CIO, nonché la prima persona di colore e la prima ispanica a ricoprire questa carica.",40,79655,"La sua elezione è stata la prima in molti modi: è diventata la prima donna eletta (piuttosto che nominata) ufficiale dell'AFL-CIO, la prima persona di colore di entrambi i sessi eletta ufficiale dell'AFL-CIO e la prima ispanica eletta ufficiale dell'AFL-CIO ufficiale.",2,0:01:20,"La sua elezione è stata la prima in molti modi: è diventata la prima donna eletta (piuttosto che nominata) ufficialessa dell'AFL-CIO, la prima persona di colore in assoluto eletta ufficialessa dell'AFL-CIO e la prima persona ispanica eletta ufficialessa dell'AFL-CIO.",19.56521739,person,1,22,"הבחירות שלה היו ראשונות במובנים רבים: היא הפכה לאישה הראשונה שנבחרה (ממונה) לקצין איי-אף-אל-סי-איי-או, האדם הראשון בצבעו של כל מין נבחר קצין AFL-CIO, וההיספני הראשון שבחר קצין AFL-CIO.",1
it,mtgen_un,professional,266,F,"Dumouriez, who became a military adviser to the Confederates, at the time described her as spontaneous, more proud than ambitious, friend of the princess of Courland, enemy of the Potocki family, brave and honest as well as popular among other commanders.","Dumouriez, che divenne consigliere militare dei Confederati, all'epoca la descrisse come spontanea, più orgogliosa che ambiziosa, amica della principessa di Courland, nemica della famiglia Potocki, prode e sincera oltre che benvoluta tra gli altri comandanti.",41,0,"Dumouriez, divenuto consigliere militare dei Confederati, all'epoca la descrisse come spontanea, più orgogliosa che ambiziosa, amica della principessa di Curlandia, nemica della famiglia Potocki, coraggiosa e onesta oltre che popolare tra gli altri comandanti.",0,0:00:00,"Dumouriez, divenuto consigliere militare dei Confederati, all'epoca la descrisse come spontanea, più orgogliosa che ambiziosa, amica della principessa di Curlandia, nemica della famiglia Potocki, coraggiosa e onesta oltre che popolare tra gli altri comandanti.",0,friend,0,20,"דומוריס, שהפך ליועצת צבאית של הקונפדרציה, תיאר אותה כספונטנית, גאה יותר מחברה שאפתנית של נסיכת קורלנד, אויבת משפחת פוטוצ'י, אמיצה וישרה בקרב מפקדים אחרים.",
it,mtgen_un,professional,235,F,A reporter at the time dubbed her the terror of ugly wifes shortly before Van Dorn's murder.,Un giornalista dell'epoca la definì il terrore delle mogli brutte poco prima dell'omicidio di Van Dorn.,17,0,Un giornalista dell'epoca la soprannominò il terrore delle mogli brutte poco prima dell'omicidio di Van Dorn.,0,0:00:00,Un giornalista dell'epoca la soprannominò il terrore delle mogli brutte poco prima dell'omicidio di Van Dorn.,0,reporter,-1,1,כתב בזמנו כינה אותה הטרור של נשים מכוערות זמן קצר לפני הרצח של ואן דורן.,
it,mtgen_un,professional,85,F,"His aunt, a mechanic in San Bernardino, California, helped Nilsson improve her vocal and musical abilities.","Sua zia, una meccanica di San Bernardino, California, aiutò Nilsson a migliorare le sue capacità vocali e musicali.",16,0,"Sua zia, una meccanica di San Bernardino, in California, aiutò Nilsson a migliorare le sue capacità vocali e musicali.",0,0:00:00,"Sua zia, una meccanica di San Bernardino, in California, aiutò Nilsson a migliorare le sue capacità vocali e musicali.",0,mechanic,-1,3,"דודתו, מכונאית בסן ברנרדינו, קליפורניה, עזרה לנילסון לשפר את יכולת הקול והמוזיקה שלה.",
it,mtgen_un,professional,6,F,"Sarandon has appeared in two episodes of The Simpsons, once as herself (Bart Has Two Mommies) and as a ballet teacher, Homer vs. Patty and Selma.","Sarandon è apparsa in due episodi dei Simpson, una volta interpretando se stessa (Bart ha due mamme) e un'altra nei panni di un'insegnante di danza (Homer contro Patty e Selma).",26,0,"Sarandon è apparsa in due episodi dei Simpsons, una volta nei panni di se stessa (Bart Has Two Mommies) e una volta come insegnante di danza classica, Homer contro Patty e Selma.",0,0:00:00,"Sarandon è apparsa in due episodi dei Simpsons, una volta nei panni di se stessa (Bart Has Two Mommies) e una volta come insegnante di danza classica, Homer contro Patty e Selma.",0,teacher,1,20,"סרנדון הופיעה בשני פרקים של הסימפסונים, פעם אחת כעצמה (לבארט יש שתי אמהות) וכמורה לבלט, הומר נגד פאטי וסלמה.",
it,mtgen_un,professional,22,F,"Upon taking the job, she recognized the long odds of a Hall of Fame player becoming a successful head coach.","Prima di accettare il lavoro, riconobbe le scarse probabilità di una giocatrice della Hall of Fame di diventare un capo allenatore di successo.",20,112841,"Dopo aver accettato l'incarico, ha riconosciuto le elevate probabilità che un giocatore della Hall of Fame diventasse un capo allenatore di successo.",5.6,0:01:53,"Dopo aver accettato l'incarico, ha riconosciuto le scarsa probabilità che un giocatore della Hall of Fame diventasse un commissario tecnico di successo.",12.5,coach,-1,19,"לאחר שקיבלה את העבודה, היא זיהתה את הסיכויים הארוכים של שחקן היכל התהילה שהפך למאמן ראשי מצליח.",
it,mtgen_un,professional,237,M,"As well as a singer, Dixon has forayed into television presenting, created three documentaries, and has established himself as a businessman through various endorsement deals and lucrative contracts.","Oltre al canto, Dixon ha avuto anche esperienze di conduzione televisiva, ha realizzato tre documentari, e come imprenditore ha stretto diversi contratti pubblicitari e accordi molto redditizi.",28,0,"Oltre ad essere un cantante, Dixon si è dedicato alla presentazione televisiva, ha creato tre documentari e si è affermato come uomo d'affari attraverso vari accordi di sponsorizzazione e contratti redditizi.",0,0:00:00,"Oltre ad essere un cantante, Dixon si è dedicato alla presentazione televisiva, ha creato tre documentari e si è affermato come uomo d'affari attraverso vari accordi di sponsorizzazione e contratti redditizi.",0,singer,1,4,"כמו גם זמר, דיקסון נכנס להצגת טלוויזיה, יצר שלושה סרטים דוקומנטריים, וביסס את עצמו כאיש עסקים באמצעות עסקאות תמיכה שונות וחוזים רווחיים.",
it,mtgen_un,professional,121,M,"If a person cannot tolerate one teasing column, how can he hope to be mayor of a great city?","Se si inalbera per un articoletto provocatorio, come può sperare di diventare sindaco di una grande città?",19,7694,"Se una persona non può tollerare una rubrica provocatoria, come può sperare di diventare sindaco di una grande città?",0.4,0:00:08,"Se una persona non può tollerare un articolo provocatorio, come può sperare di diventare sindaco di una grande città?",14.28571429,person,-1,2,"אם אדם לא יכול לסבול טור אחד של הקנטות, איך הוא יכול לקוות להיות ראש עיר גדולה?",
it,mtgen_un,professional,250,M,"He also serves as mayor, city manager, and police commissioner of the Metlakatla Indian Community.","Lavora come sindaco, segretario comunale e commissario di polizia della Metlakatla Indian Community.",15,149337,È anche il sindaco della comunità indiana di Metlakatla.,10,0:02:29,"È anche il sindaco, direttore generale e commissario della comunità indiana di Metlakatla.",50,manager,1,6,"הוא משמש גם כראש העיר, כמנהל העיר ונציב המשטרה של הקהילה ההודית מטלקטלה.",
it,mtgen_un,professional,4,M,"The Stroganov chronicle says that On was killed by a chief called Chingi who spared Taibuga, sent him to fight the Ostyaks and granted him his own principality.","La cronaca di Stroganov narra che On fu ucciso da un capo di nome Chingi che risparmiò Taibuga, lo mandò a combattere gli Ostyak e gli concesse il suo principato.",28,0,"La cronaca di Stroganov dice che On fu ucciso da un capo chiamato Chingi che risparmiò Taibuga, lo mandò a combattere gli Ostyak e gli concesse il proprio principato.",0,0:00:00,"La cronaca di Stroganov dice che On fu ucciso da un capo chiamato Chingi che risparmiò Taibuga, lo mandò a combattere gli Ostyak e gli concesse il proprio principato.",0,chief,1,10,"הכרוניקל Stroganov אומר כי On נהרג על ידי צ'ינגי מי חס Taibuga, שלח אותו להילחם Ostyaks והעניק לו את נסיכותו שלו.",
it,mtgen_un,professional,100,M,"Cumbers eventually ceased his active involvement, but not before answering an advert he had seen in The Suffragette for a photographer's apprentice.","Cumbers alla fine abbandonò l'attivismo, ma rispose a un annuncio che aveva visto su The Suffragette per un posto da apprendista fotografo.",22,0,"Alla fine Cumbers cessò il suo coinvolgimento attivo, ma non prima di aver risposto a un annuncio che aveva visto su The Suffragette per un apprendista fotografo.",0,0:00:00,"Alla fine Cumbers cessò il suo coinvolgimento attivo, ma non prima di aver risposto a un annuncio che aveva visto su The Suffragette per un apprendista fotografo.",0,photographer,1,20,"קאמברס הפסיק בסופו של דבר את מעורבותו הפעילה, אך לא לפני שענה למודעה שראה ב""סופרג'יסטית"" לשוליה של צלמת.",
it,mtgen_un,professional,61,M,"The Confucian concept of moral transformation, a process where a small person can transcend himself into a gentlemen and to a sage, rests on the principle that we are able to know our motives and will that allow for such transformation.","Il concetto confuciano di trasformazione morale, un processo in cui una piccola persona può trascendere sé stessa in un signore e in un saggio, si basa sul principio che siamo in grado di conoscere le nostre motivazioni e volontà che ci permettono una tale trasformazione.",41,263814,"Il concetto confuciano di trasformazione morale, un processo in cui una piccola persona può trascendere se stessa in un gentiluomo e un saggio, si basa sul principio che siamo in grado di conoscere le nostre motivazioni e la volontà che consentono tale trasformazione.",6.4,0:04:24,"Il concetto confuciano di trasformazione morale, un processo in cui un uomo nel suo piccolo può trascendere sé stesso per diventare un gentiluomo e un saggio, si basa sul principio che siamo in grado di conoscere le nostre motivazioni e volontà, che consentono tale trasformazione.",23.91304348,person,-1,11,"הרעיון הקונפוציאני של שינוי מוסרי, תהליך שבו אדם קטן יכול להתעלות על עצמו לג'נטלמן ולמרווה, נשען על העיקרון שאנחנו יכולים לדעת את המניעים שלנו, ויאפשר לשינוי כזה.",
it,mtgen_un,professional,127,M,"During 1874–1877, Gladstone held the Fullerian Professorship of Chemistry at the Royal Institution, and was first President of the Physical Society, of which he was one of the founders.","Tra il 1874 e il 1877, Gladstone occupò la cattedra di Chimica della Royal Institution e fu il primo presidente della Physical Society, di cui era uno dei fondatori.",30,0,"Durante il periodo 1874-1877, Gladstone tenne la cattedra fulleriana di chimica presso la Royal Institution e fu il primo presidente della Physical Society, di cui fu uno dei fondatori.",0,0:00:00,"Durante il periodo 1874-1877, Gladstone tenne la cattedra fulleriana di chimica presso la Royal Institution e fu il primo presidente della Physical Society, di cui fu uno dei fondatori.",0,president,1,16,"במהלך 1874 היה גלדסטון פרופסור לכימיה פולרית במכון המלכותי, והיה הנשיא הראשון של החברה הפיזיקלית, אשר ממנה היה אחד המייסדים.",
it,mtgen_un,professional,30,M,"The third child is a boy whose parents make him come directly home after school; during services at their church, they shake and lurch across the floor.","Il terzo figlio è un maschio, e i genitori lo fanno tornare direttamente a casa dopo scuola; durante le messe nella loro chiesa, si muovono e barcollano in giro.",27,0,"Il terzo figlio è un maschietto i cui genitori lo fanno tornare direttamente a casa dopo la scuola; durante le funzioni nella loro chiesa, tremano e barcollano sul pavimento.",0,0:00:00,"Il terzo figlio è un maschietto i cui genitori lo fanno tornare direttamente a casa dopo la scuola; durante le funzioni nella loro chiesa, tremano e barcollano sul pavimento.",0,child,1,2,"הילד השלישי הוא ילד שההורים שלו מכריחים אותו לבוא ישר הביתה אחרי בית הספר, בזמן הטקסים בכנסייה שלהם, הם רועדים ומתנדנדים על הרצפה.",
it,mtgen_un,professional,131,M,"He returned home and helped his parents manage a hotel and taught in two mountain schools before accepting a position to be director of music at a Methodist school for boys in Huzhou (now Wuxing, Zhejiang), China.","Tornò a casa, aiutò i suoi genitori a gestire un hotel e insegnò in due scuole di montagna prima di accettare la posizione di direttore musicale alla scuola Metodista per ragazzi di Huzhou (ora Wuxing, Zhejiang), in Cina.",37,0,"Tornò a casa e aiutò i suoi genitori a gestire un albergo e insegnò in due scuole di montagna prima di accettare l'incarico di direttore musicale presso una scuola metodista per ragazzi a Huzhou (ora Wuxing, Zhejiang), in Cina.",0,0:00:00,"Tornò a casa e aiutò i suoi genitori a gestire un albergo e insegnò in due scuole di montagna prima di accettare l'incarico di direttore musicale presso una scuola metodista per ragazzi a Huzhou (ora Wuxing, Zhejiang), in Cina.",0,director,1,22,"הוא חזר הביתה ועזר להוריו לנהל מלון ולימד בשני בתי ספר להרריים לפני שקיבל תפקיד כמנהל מוזיקלי בבית ספר מתודיסטי לבנים בהוז'ו (כיום ווקסינג, ז'יג'יאנג), סין.",
it,mtgen_un,professional,156,M,"In Chapter XIII, he describes the caste system of the hotel—manager-cooks-waiters-plongeurs—and, in Chapter XIV, its frantic and seemingly chaotic workings.","Nel capitolo XIII, lui descrive il sistema di caste dell'hotel-gestore-cuochi-camerieri-plongeur e, nel capitolo XIV, il suo funzionamento frenetico e apparentemente caotico.",22,33452,"Nel capitolo XIII descrive il sistema delle caste dell'hotel - manager-cuochi-camerieri-plongeurs - e, nel capitolo XIV, il suo funzionamento frenetico e apparentemente caotico.",1.5,0:00:33,"Nel capitolo XIII descrive il sistema delle caste dell'hotel - manager-cuochi-camerieri-lavapiatti - e, nel capitolo XIV, il suo funzionamento frenetico e apparentemente caotico.",3.846153846,manager,1,11,"בפרק XIII, הוא מתאר את מערכת הקסטה של המלון-Manager-Cooks-cooks-plongeurs, ו, בפרק XIV, שלה מטורף ו נראה פעולות כאוטי.",
it,mtgen_un,professional,133,M,In 1921 he was appointed professor in charge of the newly created Department of Anthropology at the University of Calcutta but he retired in 1926 due to ill health and loss of vision.,Nel 1921 fu nominato professore in carica del nuovo dipartimento di antropologia dell'Univerity of Calcutta ma si licenziò nel 1926 a causa di problemi di salute e mancanza di visione.,33,0,Nel 1921 fu nominato professore responsabile del neonato Dipartimento di Antropologia dell'Università di Calcutta ma si ritirò nel 1926 a causa di problemi di salute e perdita della vista.,0,0:00:00,Nel 1921 fu nominato professore responsabile del neonato Dipartimento di Antropologia dell'Università di Calcutta ma si ritirò nel 1926 a causa di problemi di salute e perdita della vista.,0,professor,1,5,"בשנת 1921 מונה לפרופסור האחראי על המחלקה החדשה לאנתרופולוגיה באוניברסיטת כלכותה, אך פרש בשנת 1926 בשל בריאות לקויה ואובדן ראייה.",
it,mtgen_un,professional,185,M,"In July 2009 Bond made an appearance on the Logo TV comedy series Jeffery &amp; Cole Casserole, playing a Catholic monk who serves as the principal of the show's all-boy Catholic school.","Nel luglio del 2009 Bond fece un'apparizione nella serie comedy Logo TV dal titolo Jeffery & Cole Casserole, interpretando un monaco cattolico che nello show gestisce, come preside, una scuola cattolica maschile.",31,118183,"Nel luglio 2009 Bond è apparso nella serie comica Logo TV Jeffery &amp; Cole Casserole , nel ruolo di un monaco cattolico che funge da preside della scuola cattolica maschile dello show.",3.8,0:01:58,"Nel luglio 2009 Bond è apparso nella serie comica Logo TV Jeffery &amp; Cole Casserole , nel ruolo di un monaco cattolico che è preside della scuola cattolica maschile dello show.",6.060606061,principal,1,25,"ביולי 2009 הופיע בונד בסדרת הקומדיה ""Logo TV"" ג'פרי וקול קסרול (Jeffery &amp; Cole Casserole), בתפקיד נזיר קתולי אשר שימש כמנהל בית הספר הקתולי הכל-בנים של הסדרה.",
it,mtgen_un,professional,147,M,The seventh Earl was a politician and served as Lord Chamberlain of the Household for many years.,Il settimo conte era un politico e servì come ciambellano della famiglia reale per molti anni.,17,0,Il settimo conte era un politico e prestò servizio come Lord Ciambellano della Casa per molti anni.,0,0:00:00,Il settimo conte era un politico e prestò servizio come Lord Ciambellano della Casa per molti anni.,0,politician,1,5,הרוזן השביעי היה פוליטיקאי ושמש כלורד צ'מברליין של Household במשך שנים רבות.,
it,mtgen_un,professional,77,M,"The President's Daughters (1834) is considered to represent Bremer's increased maturity, using a well-observed portrayal of childhood for its humor while soberly illustrating a reserved young man's blossoming into a more open and friendly way of life.","Si ritiene che The President's Daughters (1834) rappresenti l'accresciuta maturità della Bremer, che si serve di un ritratto curato dell'infanzia per il suo umorismo illustrando al contempo, in modo alquanto sobrio, il fiorire di un giovane riservato in un uomo più aperto e amichevole.",37,0,"Si ritiene che Le figlie del presidente (1834) rappresenti la maggiore maturità di Bremer, utilizzando un ritratto ben osservato dell'infanzia per il suo umorismo mentre illustra in modo sobrio lo sbocciare di un giovane riservato in uno stile di vita più aperto e amichevole.",0,0:00:00,"Si ritiene che Le figlie del presidente (1834) rappresenti la maggiore maturità di Bremer, utilizzando un ritratto ben osservato dell'infanzia per il suo umorismo mentre illustra in modo sobrio lo sbocciare di un giovane riservato in uno stile di vita più aperto e amichevole.",0,president,1,1,"בנות הנשיא (1834) נחשבות לייצג את בגרותו הגוברת של ברמר, תוך שימוש בתיאור ברור של ילדות להומור שלה, בעוד שהן ממחישות בצורה מפוכחת את פריחתו של צעיר שמור לצורת חיים פתוחה וידידותית יותר.",
it,mtgen_un,professional,142,M,"In 1739, he became a member of the French Academy of Sciences as a supernumerary adjunct astronomer, in 1741 as an adjunct astronomer, and in 1745 as a full member astronomer.","Nel 1739 entrò nell'Accademia Francese delle Scienze come astronomo aggiunto in sovrannumero, nel 1741 divenne astronomo aggiunto, e nel 1745 membro a pieno titolo.",31,0,"Nel 1739 divenne membro dell'Accademia francese delle scienze come astronomo aggiunto soprannumerario, nel 1741 come astronomo aggiunto e nel 1745 come astronomo membro a pieno titolo.",0,0:00:00,"Nel 1739 divenne membro dell'Accademia francese delle scienze come astronomo aggiunto soprannumerario, nel 1741 come astronomo aggiunto e nel 1745 come astronomo membro a pieno titolo.",0,astronomer,1,16,"בשנת 1739 הוא הפך לחבר באקדמיה הצרפתית למדעים כאסטרונום סופר-ספרתי, בשנת 1741 כאסטרונום מומחה, ובשנת 1745 כאסטרונום.",
it,mtgen_un,professional,132,M,"Herman then moved to Austin, TX in 1989 where he started a private practice in child &amp; adolescent psychiatry and was recruited to be Medical Director of Charter Hospital of Austin, He subsequently served in leadership positions at a number of free-standing psychiatric hospitals in the area.","Herman quindi si è trasferito ad Austin, in Texas nel 1989 dove ha cominciato privatamente a lavorare come psichiatra per bambini ed adolescenti e fu assunto come direttore sanitario del Charter Hospital di Austin, e successivamente ha ricoperto posizioni dirigenziali in diversi ospedali psichiatrci indipendenti in zona.",46,20149,"Herman si è poi trasferito ad Austin, in Texas, nel 1989, dove ha avviato uno studio privato di psichiatria infantile e adolescenziale ed è stato reclutato come direttore medico del Charter Hospital di Austin. Successivamente ha ricoperto posizioni di leadership in numerosi ospedali psichiatrici indipendenti negli Stati Uniti. la zona.",0.4,0:00:20,"Herman si è poi trasferito ad Austin, in Texas, nel 1989, dove ha avviato uno studio privato di psichiatria infantile e adolescenziale ed è stato reclutato come direttore medico del Charter Hospital di Austin. Successivamente ha ricoperto posizioni di leadership in numerosi ospedali psichiatrici indipendenti negli Stati Uniti della zona.",3.571428571,director,1,25,"הרמן עבר לאוסטין, טי-אקס ב-1989, שם הוא החל במרפאה פרטית בפסיכיאטריה של ילדים ובני נוער וגויס להיות מנהל בית החולים לרפואה של אוסטין, ולאחר מכן שירת במספר בתי חולים פסיכיאטריים חופשיים באזור.",
it,mtgen_un,professional,93,M,"His father was a decorated soldier (he won the Military Cross), who later became a solicitor and circuit judge.","Suo padre era un soldato decorato con la Croce Militare, che in seguito divenne un avvocato e giudice circoscrizionale.",19,0,"Suo padre era un soldato decorato (vinse la Croce Militare), che in seguito divenne avvocato e giudice di circoscrizione.",0,0:00:00,"Suo padre era un soldato decorato (vinse la Croce Militare), che in seguito divenne avvocato e giudice di circoscrizione.",0,judge,1,18,"אביו היה חייל מעוטר (הוא זכה בצלב הצבאי), שמאוחר יותר הפך לעורך דין ושופט נפה.",
it,mtgen_un,professional,81,M,"McAbee's father, in turn, was an auto mechanic and cowboy from Booneville, California.","A sua volta, il padre di McAbee era un meccanico di auto e cowboy di Booneville, California.",13,0,"Il padre di McAbee, a sua volta, era un meccanico e cowboy di Booneville, in California.",0,0:00:00,"Il padre di McAbee, a sua volta, era un meccanico e cowboy di Booneville, in California.",0,mechanic,1,7,"אביו של מקבי, בתורו, היה מכונאי אוטומטי וקאובוי מבונוויל, קליפורניה.",
it,mtgen_un,professional,68,M,"He became chairman and chief spokesman for Greenpeace in 1979, retiring in 1991 to live on an olive farm in Paciano, Umbria, Italy.","Lui divenne presidente e portavoce di Greenpeace nel 1979, andò in pensione nel 1991 e visse in una fattoria di olivi a Paciano, Umbria in Italia.",23,0,"Divenne presidente e portavoce principale di Greenpeace nel 1979, ritirandosi nel 1991 per vivere in una fattoria olivicola a Paciano, Umbria, Italia.",0,0:00:00,"Divenne presidente e portavoce principale di Greenpeace nel 1979, ritirandosi nel 1991 per vivere in una fattoria olivicola a Paciano, Umbria, Italia.",0,chief,1,4,"בשנת 1979 הוא התמנה ליו""ר ודובר ראשי של גרינפיס, שפרש בשנת 1991 כדי לגור בחוות זיתים בפצ'יאנו, אומבריה, איטליה.",
it,mtgen_un,professional,45,M,"Despite the fact that the story actually features only one male police officer, the film's title was pluralized and formed into one word because the title Police Woman was already in use by an NBC TV series whose pilot was scheduled to premiere one month after this film's release.","Sebbene la storia abbia come protagonista un solo poliziotto, il titolo del film è stato pluralizzato e trasformato in un'unica parola perché il titolo Police Woman era già utilizzato da una serie televisiva della NBC, il cui episodio pilota sarebbe stato trasmesso in anteprima un mese dopo l'uscita di questo film.",49,327865,"Nonostante il fatto che la storia presenti in realtà un solo agente di polizia maschio, il titolo del film è stato pluralizzato e formato in una parola perché il titolo Police Woman era già utilizzato da una serie TV della NBC la cui premiere del pilot era prevista un mese dopo l'uscita del film. .",6.7,0:05:28,"Benché la storia presenti in realtà un solo agente di polizia maschio, il titolo del film è stato pluralizzato e reso in una parola perché il titolo Police Woman era già utilizzato da una serie TV della NBC il cui episodio pilota sarebbe stato trasmesso per la prima volta un mese dopo l'uscita del film.",26.31578947,officer,1,12,"למרות העובדה שהסיפור מכיל קצין משטרה זכר אחד בלבד, התואר של הסרט פורסם ונוצר למילה אחת, משום שכותרתה ""שוטרת"" כבר הייתה בשימוש על ידי סדרת טלוויזיה של אן-בי-סי שהטייס שלה היה אמור להופיע בהקרנת בכורה חודש לאחר שחרור הסרט.",
it,mtgen_un,professional,113,M,"He gives us a senator who's a monomaniac, a mad daddy and master politician rolled into one, a man firing on so many levels that no one can keep up – someone who loves being evil as much as Streep loves acting.","Interpreta un senatore che è al contempo un monomaniaco, un padre fuori di testa e un politico sopraffino, un uomo che è sul pezzo in così tanti ambiti che nessuno può stare al passo; qualcuno che ama essere cattivo tanto quanto Streep ama recitare.",41,0,"Ci presenta un senatore che è un monomaniaco, un papà pazzo e un politico esperto riuniti in uno solo, un uomo che spara su così tanti livelli che nessuno riesce a tenere il passo - qualcuno che ama essere malvagio tanto quanto Streep ama recitare.",0,0:00:00,"Ci presenta un senatore che è un monomaniaco, un papà pazzo e un politico esperto riuniti in uno solo, un uomo che spara su così tanti livelli che nessuno riesce a tenere il passo - qualcuno che ama essere malvagio tanto quanto Streep ama recitare.",0,politician,1,13,"הוא נותן לנו סנטור שהוא מונומניאק, אבא מטורף ופוליטיקאי מאסטר התגלגל לתוך אחד, אדם ירי ברמות רבות כל כך שאף אחד לא יכול לשמור על קשר; מישהו שאוהב להיות רע ככל סטריפ אוהב משחק.",
it,mtgen_un,professional,71,M,"He began as a mechanic, then became a driver, created his own team and then became chairman of Vaillante.","Ha iniziato come meccanico, poi è diventato pilota, ha creato la sua squadra e poi è diventato presidente della Vaillante.",19,0,"Ha iniziato come meccanico, poi è diventato pilota, ha creato una propria scuderia e poi è diventato presidente della Vaillante.",0,0:00:00,"Ha iniziato come meccanico, poi è diventato pilota, ha creato una propria scuderia e poi è diventato presidente della Vaillante.",0,driver,1,8,"הוא החל כמכונאי, ולאחר מכן הפך לנהג, הקים צוות משלו ולאחר מכן הפך ליו""ר של Vaillante.",
it,mtgen_un,professional,241,M,Following his time in the Navy he resumed his education and began his career as a fine art photographer and educator.,Dopo il suo tempo in marina riprese la sua formazione e cominciò la sua carriera come fotografo ed educatore di belle arti.,21,0,"Dopo il periodo trascorso in Marina, riprese gli studi e iniziò la sua carriera come fotografo ed educatore d'arte.",0,0:00:00,"Dopo il periodo trascorso in Marina, riprese gli studi e iniziò la sua carriera come fotografo ed educatore d'arte.",0,photographer,1,18,"לאחר תקופתו בחיל הים, הוא חידש את לימודיו והחל את הקריירה שלו כצלם אמנות טוב ומחנך.",
it,mtgen_un,professional,36,M,"From 1984, he was a president of the board of Tipstjänst and Operakällaren; he was also chairman and president of AIK between 1967 and 1980.","Dal 1984, è stato presidente del consiglio di amministrazione di Tipstjänst e Operakällaren; è stato presidente dell'AIK tra il 1967 e il 1980.",25,90684,Dal 1984 è stato presidente del consiglio di amministrazione di Tipstjänst e Operakällaren; fu anche presidente e presidente dell'AIK dal 1967 al 1980.,3.6,0:01:31,Dal 1984 è stato presidente del consiglio di amministrazione di Tipstjänst e Operakällaren; è stato anche amministratore e presidente dell'AIK dal 1967 al 1980.,12,president,1,5,משנת 1984 הוא היה נשיא מועצת המנהלים של Tipstjänst ואופרהקלרן; הוא היה גם יושב הראש ונשיא AIK בין השנים 1967 ל-1980.,
it,mtgen_un,professional,116,M,"The film begins with an honest IAS officer trying to unearth a massive criminal operation, where he ends up in a dead end when he meets the Home Minister's son and team who want him finished.","Il film comincia con un onesto ufficiale IAS che scopre una gigante operazione criminale, dove si ritrova in un vicolo cieco quando incontra il figlio del ministro degli interni e il team che lo vuole finito.",36,113047,"Il film inizia con un onesto ufficiale della IAS che cerca di portare alla luce una massiccia operazione criminale, ma finisce in un vicolo cieco quando incontra il figlio del ministro dell'Interno e la squadra che lo vuole finito.",3.1,0:01:53,"Il film inizia con un onesto ufficiale della IAS che cerca di portare alla luce una massiccia operazione criminale, ma finisce in un vicolo cieco quando incontra il figlio del Ministro dell'Interno e le persone che lo vogliono morto.",12.19512195,officer,1,7,"הסרט מתחיל עם קצין ISA כנה מנסה לחשוף פעולה פלילית מסיבית, שם הוא בסופו של דבר במבוי סתום כשהוא פוגש את בנו של שר הבית וצוות שרוצה אותו סיים.",
it,mtgen_un,professional,91,M,"The magistrates and chief gentleman went first, followed by the elders and male members of the congregation.","I magistrati e il capo entrarono per primi, seguiti dagli anziani e dagli uomini appartenenti alla congregazione.",17,46353,"Per primi andarono i magistrati e il primo gentiluomo, seguiti dagli anziani e dai membri maschi della congregazione.",2.7,0:00:46,"Per primi andarono i magistrati e il capo, seguiti dagli anziani e dai membri della congregazione di sesso maschile.",30,chief,1,3,"השופטים והאדון הראשי הלכו ראשונים, ואחריהם זקני ־ הקהילה וחברי הקהילה הזכרים.",
it,mtgen_un,professional,248,M,"A priest wears these special articles in addition to the usual Mishmi man's dress of a skirt, a long-sleeved coat and bead-necklaces.","Un sacerdote indossa questi articoli speciali in aggiunta al solito vestito per uomini Mishmi fatto da una gonna, una giacca con le maniche lunghe e collane di perle.",22,107393,"Un prete indossa questi articoli speciali oltre al solito abito da uomo Mishmi composto da una gonna, un cappotto a maniche lunghe e collane di perline.",4.9,0:01:47,"Un prete indossa questi accessori particolari oltre al solito abito da uomo Mishmi composto da una gonna, una veste a maniche lunghe e collane con perline.",17.85714286,priest,1,1,"כומר לובש מאמרים מיוחדים אלה בנוסף לשמלתו הרגילה של הגבר מישמי של חצאית, מעיל ארוך שרוולים ושרשראות חרוזים.",
it,mtgen_un,professional,11,M,"He initially had no superpowers; instead, he was a diminutive college student and later a physicist who was depicted as a tough guy, a symbol of all the short kids who could still make a difference.","Lui, in un primo momento, non possedeva di certo superpoteri; prima era un semplice studente universitario di bassa statura e poi un fisico che veniva rappresentato come un duro, un simbolo per tutti i ragazzi di bassa statura che potevano comunque fare la differenza.",36,137860,"Inizialmente non aveva superpoteri; invece, era un minuscolo studente universitario e in seguito un fisico dipinto come un tipo duro, un simbolo di tutti i ragazzini bassi che potevano ancora fare la differenza.",3.8,0:02:18,"Inizialmente non aveva superpoteri; invece, era un minuscolo studente universitario e in seguito un fisico, descritto come un tipo duro, un simbolo di tutti i ragazzini bassi che potevano ancora fare la differenza.",5.405405405,student,-1,11,"בתחילה לא היו לו מעצמות על; במקום זאת, הוא היה סטודנט קטן ואחר כך פיזיקאי שתואר כבחור קשוח, סמל של כל הילדים הקצרים שעדיין יכול לעשות את ההבדל.",
it,mtgen_un,professional,220,M,"Coaching and teacher At Sydney's Shore School Uebergang was a rowing master, and coached the 1985 Shore 1st VIII to victory in the schoolboy eight title at that year's Australian Rowing Championships.","Coach e insegnante alla Shore School Uebergang di Sydney, era un maestro della remata, e allenò gli otto della prima vittoria degli Shore nel 1985 nell'ottavo titolo dello studente negli Australian Rowing Championship di quell'anno.",32,147319,"Allenatore e insegnante Alla Shore School di Sydney, Uebergang era un maestro di canottaggio e nel 1985 ha allenato lo Shore 1st VIII fino alla vittoria dell'ottavo titolo scolastico ai Campionati australiani di canottaggio di quell'anno.",4.6,0:02:27,"Allenatore e insegnante Alla Shore School di Sydney, Uebergang era un maestro di canottaggio e nel 1985 ha allenato lo Shore 1st VIII portandolo alla vittoria dell'ottavo titolo scolastico ai Campionati australiani di canottaggio di quell'anno.",2.631578947,teacher,-1,2,מאמן ומורה בבית הספר ליוברגאנג (באנגלית: Sydney's Shore School Uebergang) היה מורה ומורה בבית הספר לנבחרת הים של סידני.,
it,mtgen_un,professional,14,M,"However, the pain of his parents' difficult domestic life and his relatively few childhood friends (Ruark, something of a child prodigy in school, was a loner) are tellingly absent from the narratives.","Tuttavia, è significativo che il dolore della difficile vita domestica dei suoi genitori e le pochissime amicizie coltivate negli anni dell'infanzia (Ruark, considerato un bambino prodigio a scuola, era molto solitario) siano del tutto assenti dai racconti.",32,0,"Tuttavia, il dolore della difficile vita domestica dei suoi genitori e dei suoi relativamente pochi amici d'infanzia (Ruark, una specie di bambino prodigio a scuola, era un solitario) sono significativamente assenti dalle narrazioni.",0,0:00:00,"Tuttavia, il dolore della difficile vita domestica dei suoi genitori e dei suoi relativamente pochi amici d'infanzia (Ruark, una specie di bambino prodigio a scuola, era un solitario) sono significativamente assenti dalle narrazioni.",0,child,1,19,"עם זאת, כאבם של חיי הבית הקשים של הוריו וחברי ילדותו המעטים יחסית (רוארק, משהו של ילד פלא בבית הספר, היה מתבודד) נעדר מן הנרטיבים.",
it,mtgen_un,professional,79,M,He founded and was Chief Medical Officer of a multi-disciplinary behavioral healthcare group with several locations in Austin.,Ha fondato ed è stato direttore sanitario di un gruppo sanitario comportamentale multidisciplinare con diverse sedi ad Austin.,18,0,Ha fondato ed è stato Direttore medico di un gruppo sanitario comportamentale multidisciplinare con diverse sedi ad Austin.,0,0:00:00,Ha fondato ed è stato Direttore medico di un gruppo sanitario comportamentale multidisciplinare con diverse sedi ad Austin.,0,officer,1,6,הוא ייסד והיה קצין רפואה ראשי של קבוצת טיפולי התנהגות רב-תחומיים עם מספר מקומות באוסטין.,
it,mtgen_un,professional,18,M,"He chose to play the drums as he had two uncles who played the instrument, one of whom later worked as a drum technician on a CKY tour.","Lui ha scelto di suonare la batteria perché due suoi zii suonavano questo strumento, uno di loro ha lavorato anche come tecnico della batteria in un tour dei CKY.",28,0,"Ha scelto di suonare la batteria perché aveva due zii che suonavano lo strumento, uno dei quali in seguito ha lavorato come tecnico della batteria in un tour CKY.",0,0:00:00,"Ha scelto di suonare la batteria perché aveva due zii che suonavano lo strumento, uno dei quali in seguito ha lavorato come tecnico della batteria in un tour CKY.",0,technician,1,23,"הוא בחר לנגן בתופים כאשר היו לו שני דודים שניגנו בכלי נגינה, אחד מהם עבד מאוחר יותר כטכנאי תופים בסיור בקי.",
it,mtgen_un,professional,259,M,"Along the way there are humorous subplots involving the office manager's violent ex-husband, Becker's attempt to find the 'Australian sound', and an odd waiter who is under the mistaken belief that Becker is a secret agent.","Nel corso della storia ci sono sottotrame umoristiche che coinvolgono il violento ex marito del capoufficio, il tentativo di Becker di trovare il ""suono australiano"" e uno strano cameriere erroneamente convinto che Becker sia un agente segreto.",36,0,"Lungo il percorso ci sono sottotrame umoristiche che coinvolgono il violento ex marito del direttore dell'ufficio, il tentativo di Becker di trovare il ""suono australiano"" e uno strano cameriere che crede erroneamente che Becker sia un agente segreto.",0,0:00:00,"Lungo il percorso ci sono sottotrame umoristiche che coinvolgono il violento ex marito del direttore dell'ufficio, il tentativo di Becker di trovare il ""suono australiano"" e uno strano cameriere che crede erroneamente che Becker sia un agente segreto.",0,agent,-1,35,"לאורך הדרך יש תת-פולטים מצחיקים בהם מעורב בעלה לשעבר האלים של מנהלת המשרד, הניסיון של בקר למצוא את הצליל האוסטרלי, ומלצר מוזר שנמצא תחת האמונה המוטעית שקר הוא סוכן חשאי.",
it,mtgen_un,professional,234,M,"It is not clear if his refusal was for his continual poor health or other reasons, but his spiritual director assured him that God had other plans for him.","Non è chiaro se sia stato rifiutato per i continui problemi di salute o per altri motivi, ma la sua guida spiriturale gli assicurò che Dio aveva altri piani per lui.",29,0,"Non è chiaro se il suo rifiuto fosse dovuto alle continue precarie condizioni di salute o ad altri motivi, ma il suo direttore spirituale gli assicurò che Dio aveva altri progetti per lui.",0,0:00:00,"Non è chiaro se il suo rifiuto fosse dovuto alle continue precarie condizioni di salute o ad altri motivi, ma il suo direttore spirituale gli assicurò che Dio aveva altri progetti per lui.",0,director,1,19,"אין זה ברור אם סירובו היה בשל בריאותו התמידית או מסיבות אחרות, אך מנהלו הרוחני הבטיח לו שלאלוהים יש תוכניות אחרות עבורו.",
it,mtgen_un,professional,120,M,"In July 2018, he was on a 4-man shortlist for the vacant Egyptian national team manager job.","Nel luglio 2018, lui era in un elenco ristretto di 4 uomini per il posto vacante di manager della nazionale egiziana.",18,0,"Nel luglio 2018, era in una rosa di 4 candidati per il posto vacante di allenatore della nazionale egiziana.",0,0:00:00,"Nel luglio 2018, era in una rosa di 4 candidati per il posto vacante di allenatore della nazionale egiziana.",0,manager,1,15,"ביולי 2018, הוא היה ברשימת 4 אנשים קצרים לתפקיד מנהל הקבוצה המצרית הפנויה.",
it,mtgen_un,professional,171,M,"While supporting himself as a waiter, Vanderslice took classes at University of California, Berkeley, with the intention of becoming an English teacher.","Mentre lavorava come cameriere, Vanderslice prese lezioni all'Università della California, Berkeley, per diventare insegnante di inglese.",22,10982,"Mentre si manteneva come cameriere, Vanderslice prese lezioni all'Università della California, Berkeley, con l'intenzione di diventare un insegnante di inglese.",0.5,0:00:11,"Mentre si manteneva come cameriere, Vanderslice prese lezioni all'Università della California, a Berkeley, con l'intenzione di diventare un insegnante di inglese.",4.166666667,teacher,-1,21,"בזמן שפרנס את עצמו כמלצר, ונדרסליס למד באוניברסיטת קליפורניה בברקלי, במטרה להפוך למורה לאנגלית.",
it,mtgen_un,professional,47,M,"Gibson-Smith is also chairman of retirement specialist, Just Group plc.","Gibson-Smith è anche presidente dello specialista del pensionamento, Just Group plc.",10,42403,"Gibson-Smith è anche presidente dello specialista in pensioni, Just Group plc.",4.2,0:00:42,"Gibson-Smith è anche presidente della società specializzata in pensioni, Just Group plc.",23.07692308,specialist,-1,6,"גיבסון סמית' הוא גם יו""ר מומחה לפרישה, Just Group plc.",
it,mtgen_un,professional,134,M,He is currently a Professor of Clinical Radiology at UCSD and division chief of vascular and interventional radiology.,Attualmente è professore di radiologia clinica presso la UCSD ed è capo dipartimento di angiochirurgia vascolare e interventistica.,18,16560,Attualmente è professore di radiologia clinica presso l'UCSD e capo divisione di radiologia vascolare e interventistica.,0.9,0:00:17,Attualmente è professore di radiologia clinica presso l'UCSD e capo del reparto di radiologia vascolare e interventistica.,11.76470588,professor,1,4,כיום הוא פרופסור לרדיולוגיה קלינית באוניברסיטת קליפורניה ומנהל מחלקת רדיולוגיה של כלי דם והתערבות.,
it,mtgen_un,professional,58,M,"He was originally a steamboat captain, with Mickey Mouse as his deck hand (as they were seen in Steamboat Willie), and later the captain of the Royal Musketeers until his plans for a coup were foiled by Mickey (as they were seen in The Three Musketeers).","Era originariamente il capitano di un battello a vapore con Topolino come mozzo (come si è visto nel cartone Willie del vaporetto), e più tardi il capitano dei Moschettieri fino a che i suoi piani per un colpo di stato sono stati ostacolati da Topolino (come si è visto nei Tre moschettieri).",46,50372,"Originariamente era il capitano di un battello a vapore, con Topolino come aiutante di coperta (come si vede in Steamboat Willie), e in seguito il capitano dei Moschettieri Reali finché i suoi piani per un colpo di stato non furono sventati da Topolino (come si videro in I Tre). Moschettieri).",1.1,0:00:50,"Originariamente era il capitano di un battello a vapore, con Topolino come aiutante di coperta (come si vede in Steamboat Willie) e in seguito il capitano dei Moschettieri Reali finché i suoi piani per un colpo di stato non furono sventati da Topolino (come si vede in I Tre Moschettieri).",6.779661017,captain,1,5,"הוא היה במקור קפטן ספינת קיטור, כאשר מיקי מאוס היה ידו על הסיפון (כפי שהם נראו בסירת קיטור וילי), ומאוחר יותר הקפטן של המוסקטרים המלכותיים עד שתוכניותיו להפיכה סוכלו על ידי מיקי (כפי שהם נראו בשלושת המוסקטרים).",
it,mtgen_un,professional,62,M,"The home was supposed to be a refuge from the dangers of the outside world, but in the novel, the seemingly perfect domestic gentleman turns out to be a violent criminal who has not only tried to commit murder but who has also committed bigamy and abandoned his child.","La casa doveva rappresentare un rifugio dai pericoli del mondo esterno, ma nel romanzo, l'apparentemente perfetto uomo di casa si rivela essere un violento criminale che non ha solo cercato di commettere un omicidio, ma era anche bigamo e aveva abbandonato suo figlio.",49,38734,"La casa doveva essere un rifugio dai pericoli del mondo esterno, ma nel romanzo, l'apparentemente perfetto gentiluomo domestico si rivela un criminale violento che non solo ha tentato di commettere un omicidio, ma che ha anche commesso bigamia e ha abbandonato la sua vita. bambino.",0.8,0:00:39,"La casa doveva essere un rifugio dai pericoli del mondo esterno, ma nel romanzo, l'apparentemente perfetto gentiluomo domestico si rivela un criminale violento che non solo ha tentato di commettere un omicidio, ma che ha anche commesso bigamia e ha abbandonato suo figlio.",10,child,1,48,"הבית היה אמור להיות מפלט מהסכנות של העולם החיצון, אבל ברומן, נראה שהאדון המקומי המושלם הוא פושע אלים שלא רק ניסה לרצוח, אלא גם ביצע ביגמיה ונטש את בנו.",
it,mtgen_un,professional,5,M,Later he became a sub-editor and Chief sub-editor in the BBC Radio Newsroom and then worked on the Radio 4 programme Today in Parliament.,Successivamente è diventato redattore e caporedattore della BBC Radio Newsroom e ha lavorato al programma di Radio 4 Today in Parliament.,24,189127,Successivamente è diventato subeditore e caporedattore della BBC Radio Newsroom e ha poi lavorato al programma di Radio 4 Today in Parliament.,7.9,0:03:09,Successivamente è diventato redattore e caporedattore della BBC Radio Newsroom e ha poi lavorato al programma di Radio 4 Today in Parliament.,4.347826087,editor,1,5,מאוחר יותר הוא הפך להיות עורך משנה ומנהל משנה בחדר החדשות של הרדיו של ה-BBC ולאחר מכן עבד על תוכנית הרדיו 4 היום בפרלמנט.,
it,mtgen_un,professional,109,M,He was an officer of the Dragoons.,Era un ufficiale dei Dragoons.,7,0,Era un ufficiale dei Dragoni.,0,0:00:00,Era un ufficiale dei Dragoni.,0,officer,1,3,הוא היה קצין של דרגונים.,
it,mtgen_un,professional,260,M,"In summer 2020, he became the head coach of the United Arab Emirates national team.","Nell'estate 2020, lui è diventato il capo allenatore della nazionale degli Emirati Arabi Uniti.",15,0,Nell'estate 2020 è diventato l'allenatore della nazionale degli Emirati Arabi Uniti.,0,0:00:00,Nell'estate 2020 è diventato l'allenatore della nazionale degli Emirati Arabi Uniti.,0,coach,1,7,בקיץ 2020 הוא הפך למאמן הראשי של נבחרת האמירויות הערבית המאוחדת.,
it,mtgen_un,professional,141,M,"He was promoted to director of amateur scouting in August 2014, and was responsible for the scouting staff of Ottawa in preparation for each NHL Entry Draft.","Fu promosso a direttore degli osservatori amatoriali nell'agosto 2014, e fu responsabile per lo staff di osservatori di Ottawa in preparazione ad ogni Draft iniziale NHL.",27,0,È stato promosso a direttore dello scouting amatoriale nell'agosto 2014 ed è stato responsabile dello staff di scouting di Ottawa in preparazione a ogni Entry Draft della NHL.,0,0:00:00,È stato promosso a direttore dello scouting amatoriale nell'agosto 2014 ed è stato responsabile dello staff di scouting di Ottawa in preparazione a ogni Entry Draft della NHL.,0,director,1,4,"באוגוסט 2014 הוא קודם לתפקיד מנהל הצופים החובבנים, והיה אחראי על צוות הצופים של אוטווה כהכנה לכל טיוטה לכניסה ל-NHL.",
it,mtgen_un,professional,64,M,"His election was a first in many ways: He became the first man elected (rather than appointed) an AFL-CIO officer, the first person of color of either sex elected an AFL-CIO officer, and the first Hispanic elected an AFL-CIO officer.","La sua elezione ha segnato una prima volta sotto molti punti di vista: è diventato il primo uomo eletto (anziché nominato) come funzionario AFL-CIO, nonché la prima persona di colore e il primo ispanico a ricoprire questa carica.",40,0,"La sua elezione è stata la prima in molti modi: è diventato il primo uomo eletto (piuttosto che nominato) ufficiale dell'AFL-CIO, la prima persona di colore di entrambi i sessi eletta ufficiale dell'AFL-CIO e il primo ispanico eletto ufficiale dell'AFL-CIO ufficiale.",0,0:00:00,"La sua elezione è stata la prima in molti modi: è diventato il primo uomo eletto (piuttosto che nominato) ufficiale dell'AFL-CIO, la prima persona di colore di entrambi i sessi eletta ufficiale dell'AFL-CIO e il primo ispanico eletto ufficiale dell'AFL-CIO ufficiale.",0,person,-1,22,"הבחירות שלו היו הראשונות במובנים רבים: הוא נבחר (ממונה) לקצין AFL-CIO, האדם הראשון של כל מין שנבחר לקצין AFL-CIO, וההיספני הראשון שנבחר כקצין AFL-CIO.",
it,mtgen_un,professional,266,M,"Dumouriez, who became a military adviser to the Confederates, at the time described him as spontaneous, more proud than ambitious, friend of the prince of Courland, enemy of the Potocki family, brave and honest as well as popular among other commanders.","Dumouriez, che divenne consigliere militare dei Confederati, all'epoca lo descrisse come spontaneo, più orgoglioso che ambizioso, amico del principe di Courland, nemico della famiglia Potocki, prode e sincero oltre che benvoluto tra gli altri comandanti.",41,0,"Dumouriez, divenuto consigliere militare dei Confederati, lo descrisse all'epoca come spontaneo, più orgoglioso che ambizioso, amico del principe di Curlandia, nemico della famiglia Potocki, coraggioso e onesto oltre che popolare tra gli altri comandanti.",0,0:00:00,"Dumouriez, divenuto consigliere militare dei Confederati, lo descrisse all'epoca come spontaneo, più orgoglioso che ambizioso, amico del principe di Curlandia, nemico della famiglia Potocki, coraggioso e onesto oltre che popolare tra gli altri comandanti.",0,friend,0,20,"דומוריז, שהפך ליועצת צבאית של הקונפדרציה, תיאר אותו כספונטני, גאה יותר מאשר שאפתן, ידידו של נסיך קורלנד, אויב משפחת פוטוצ'י, אמיץ וישר בקרב מפקדים אחרים.",
it,mtgen_un,professional,235,M,A reporter at the time dubbed him the terror of ugly husbands shortly before Van Dorn's murder.,Un giornalista dell'epoca lo definì il terrore dei mariti brutti poco prima dell'omicidio di Van Dorn.,17,0,Un giornalista dell'epoca lo soprannominò il terrore dei mariti brutti poco prima dell'omicidio di Van Dorn.,0,0:00:00,Un giornalista dell'epoca lo soprannominò il terrore dei mariti brutti poco prima dell'omicidio di Van Dorn.,0,reporter,1,1,כתב בזמנו כינה אותו הטרור של בעלים מכוערים זמן קצר לפני הרצח של ואן דורן.,
it,mtgen_un,professional,85,M,"His uncle, a mechanic in San Bernardino, California, helped Nilsson improve his vocal and musical abilities.","Suo zio, un meccanico di San Bernardino, California, aiutò Nilsson a migliorare le sue capacità vocali e musicali.",16,0,"Suo zio, un meccanico di San Bernardino, in California, aiutò Nilsson a migliorare le sue capacità vocali e musicali.",0,0:00:00,"Suo zio, un meccanico di San Bernardino, in California, aiutò Nilsson a migliorare le sue capacità vocali e musicali.",0,mechanic,1,3,"דודו, מכונאי בסן ברנרדינו, קליפורניה, עזר לנילסון לשפר את יכולותיו הקוליות והמוסיקליות.",
it,mtgen_un,professional,6,M,"Sarandon has appeared in two episodes of The Simpsons, once as himself (Bart Has Two Mommies) and as a ballet teacher, Homer vs. Patty and Selma.","Sarandon è apparso in due episodi dei Simpson, una volta interpretando se stesso (Bart ha due mamme) e un'altra nei panni di un insegnante di danza (Homer contro Patty e Selma).",26,0,"Sarandon è apparso in due episodi dei Simpsons, una volta nei panni di se stesso (Bart Has Two Mommies) e una volta come insegnante di danza classica, Homer contro Patty e Selma.",0,0:00:00,"Sarandon è apparso in due episodi dei Simpsons, una volta nei panni di se stesso (Bart Has Two Mommies) e una volta come insegnante di danza classica, Homer contro Patty e Selma.",0,teacher,-1,20,"סרנדון הופיע בשני פרקים של הסימפסונים, פעם אחת כמו עצמו (לבארט יש שתי אמהות) וכמורה לבלט, הומר נגד פאטי וסלמה.",
it,mtgen_un,professional,22,M,"Upon taking the job, he recognized the long odds of a Hall of Fame player becoming a successful head coach.","Prima di accettare il lavoro, riconobbe le scarse probabilità di un giocatore della Hall of Fame di diventare un capo allenatore di successo.",20,0,"Dopo aver accettato l'incarico, ha riconosciuto le elevate probabilità che un giocatore della Hall of Fame diventasse un capo allenatore di successo.",0,0:00:00,"Dopo aver accettato l'incarico, ha riconosciuto le elevate probabilità che un giocatore della Hall of Fame diventasse un capo allenatore di successo.",0,coach,1,19,"לאחר שקיבל את התפקיד, הוא זיהה את הסיכויים הארוכים של שחקן היכל התהילה להיות מאמן ראשי מצליח.",